Dimension,Mean_Sentence1,Std_Sentence1,Mean_Sentence2,Std_Sentence2
1,0.1979814570771557,0.16526118487552904,0.19478448188611608,0.17531947568306827
2,-0.18521919086991015,0.20554948898313666,-0.16272982004508002,0.20669131634418123
3,-0.1117604455750177,0.19943305254962934,-0.10258439993175646,0.20144962082460424
4,0.01961943014454307,0.1590100577360273,0.02756786412087596,0.15972524218992726
5,-0.10657585144175433,0.21475525611973773,-0.09486435966432831,0.2216304765139116
6,-0.23961359804059612,0.19795158153193818,-0.23317049064969933,0.192171501193985
7,0.07070202724003898,0.18996126020937798,0.05228854174837898,0.19356816121033182
8,0.5755440876257096,0.2574024298641032,0.5803679825381993,0.24849961074721758
9,0.13768691599729982,0.19516508195221025,0.15746700357611568,0.19492987946743387
10,-0.2910132280958178,0.20188115425140443,-0.29389906469630966,0.19407557248644072
11,0.058372314762962,0.19042119431976406,0.06090112029781192,0.19240175677585614
12,-0.21628260665796015,0.18642956748631345,-0.2223047336883668,0.20322623187535457
13,0.018125695321600025,0.179565478580325,0.02123841441989659,0.18474027019755077
14,0.3684199181037599,0.20204085469518787,0.38667277029515845,0.20310049460612942
15,-0.16210583056387648,0.18189057113494794,-0.15087067437632173,0.1837207351175855
16,0.16160902760989582,0.17234581837384078,0.1856781360402218,0.19574729249146008
17,0.004148417799076405,0.16717582358556918,-0.022662413268081303,0.16720736556253074
18,-0.16402867913102503,0.16495253163689255,-0.16658565579801998,0.17280174726551975
19,0.05775044465551997,0.2088542958265492,0.04730929463735996,0.19962164178406502
20,0.09807027285148949,0.19985254593837595,0.08015815062669814,0.19652205104080003
21,0.02287013632253801,0.20008510160122783,0.03473165904207701,0.20382594145151794
22,-0.17214778848305776,0.16009429364272282,-0.17688748631322695,0.16724775237493364
23,-0.31031459032722924,0.17453133155401157,-0.3218903420321795,0.19146099599768887
24,0.4347847463837007,0.20758993217487925,0.44464578357951096,0.21395372249072558
25,0.1474941268959651,0.17557788143144265,0.17259840907089402,0.17827153753849587
26,-0.051492689865743894,0.1822156372604247,-0.053635753839373024,0.1858091662351584
27,-0.15759775360789802,0.18852240209045132,-0.1564156714225503,0.19701158335930996
28,-0.09192843502195391,0.18822555098940796,-0.09426788499891396,0.19446884822021862
29,-0.19032789946284198,0.18405346388825222,-0.2015887664103934,0.18487608972755082
30,-0.07553500470065788,0.18538363413329487,-0.06470452281757987,0.16782815989014138
31,0.2757075513322096,0.18752772338262488,0.2882742434985102,0.19529189790314885
32,0.06931871855497285,0.1992377894119508,0.07705554748405086,0.20755246714194175
33,-0.3113634330273669,0.2169327239386986,-0.3055134121668459,0.22455905431564468
34,0.01283839200505,0.17062279785979914,-0.0008164448853500013,0.16409680442573452
35,-0.1048595205192281,0.18904168479243097,-0.08979551950785006,0.20094529952546086
36,-0.039988526830353914,0.17452861804139377,-0.03418302495457512,0.1736034916618873
37,0.11570115949158855,0.17752896079408903,0.08186956006894605,0.17799617287375835
38,-0.04146865000775698,0.2096112369250933,-0.07423762501588997,0.21553073782352786
39,-0.5477157163409003,0.1724656351635952,-0.5356419333949994,0.18422080577333425
40,0.14145346241327678,0.21791041327698168,0.12104900371880936,0.22613893584035935
41,-0.30991858058517985,0.18654994659891774,-0.33353040269048956,0.18658233967030718
42,-0.21129287818772854,0.19297681900588395,-0.22211147902178244,0.1939504492346126
43,0.13734545195313272,0.21896537427382282,0.14546013750282707,0.22560237858482518
44,0.13436599064238994,0.1996378565369921,0.14114262107676395,0.19456316449162814
45,0.04897584353296093,0.21780525080017202,0.046216897015062895,0.20522599262876728
46,-0.24819943143846487,0.17544328286447705,-0.23700815817043533,0.17790793357266674
47,0.06196133273011644,0.2661188574943475,0.07309254396732019,0.2648091395307574
48,-0.14479425444161775,0.17951678044376845,-0.13405145020548978,0.18236350447817795
49,0.04628803037511399,0.21325302306805172,0.05208873930309296,0.2187154831862089
50,-0.2108231668975429,0.19959579079966444,-0.19685144532190316,0.21690556881523415
51,-0.17064304859773932,0.1938395860449277,-0.1754429287651581,0.19818846077854058
52,0.1534889979294933,0.21291519446478988,0.15831194312913088,0.2233420662863539
53,0.06702997171241404,0.24566164621579764,0.07528390004013671,0.24666099271517966
54,0.22342573035154262,0.2073130059084613,0.2086350531833564,0.2071361259140091
55,0.08280214101103582,0.16544319895639462,0.09475531599487073,0.17122430532695512
56,0.5573329107551028,0.22433985009424134,0.562176734758599,0.22141314177613144
57,-0.22253521634246018,0.19745971705432125,-0.2206635769709103,0.20001753285391866
58,-0.28522896780732004,0.19417155398615957,-0.3078434672319109,0.19097391839681957
59,-0.1563223223311202,0.16264799357112414,-0.15139363114239107,0.16453567517923265
60,0.018666033845167972,0.1587202444524048,0.026892097047180034,0.16780230023191756
61,0.267019152974258,0.21602804373206808,0.2548837187283,0.21182910105755612
62,-0.03999733564267203,0.23451684613880855,-0.03640680340836,0.2417191533995044
63,0.197118724840804,0.19505352909452087,0.1780388124774806,0.19824675410349027
64,-0.39301063586066937,0.2148503706437274,-0.39194437450042074,0.22323581414013477
65,0.1829003633498698,0.1983543509618968,0.16939871887743208,0.18972496060097618
66,0.344701869245854,0.19248334570042205,0.35497566236643335,0.18810505213979228
67,0.008469580662450996,0.1949884839278859,-0.002506252835222,0.18817117437838757
68,0.133443330874659,0.26667353153315937,0.13127337345548776,0.2633602861351494
69,-0.40712258745261054,0.1927701188728132,-0.4089788266242697,0.20492582253157252
70,-0.012954461639685024,0.19295346634479546,-0.04313387545391386,0.20249476915183284
71,-0.40749114218083876,0.17018613079103379,-0.40388900386875987,0.17674766266653952
72,-0.3150964844838354,0.2269853334742457,-0.30921873444233283,0.22330637172211404
73,0.14208237201428597,0.17991162215762477,0.12760086155669007,0.1885118370090085
74,-0.029620088810027614,0.20649382467382052,-0.015308727000935036,0.2058358868149168
75,-0.1811083549050583,0.18956446755409306,-0.20931875260342264,0.19586960582595628
76,0.14715322996457014,0.22580975622104266,0.12998221732542986,0.20998899250077505
77,-0.18625495675661966,0.20102500286245154,-0.1907010284661379,0.19991167646138364
78,0.15532608646104026,0.18814826531036935,0.16188571806882704,0.17981308285251463
79,-0.10392736998352836,0.16224333972738458,-0.0906316684918461,0.17017013869859496
80,-0.11695151000916618,0.21799352156889967,-0.09347424028971484,0.2213240427015484
81,0.06139012181041004,0.19591706252281535,0.05869766642023398,0.21740776691261357
82,0.5033842354423796,0.20582551743565752,0.5188262436063191,0.2158843062956738
83,-0.03630762751636297,0.205597080571639,-0.026053210039389995,0.20669981192713277
84,0.48880666986169974,0.19239358594889958,0.4899350664927001,0.20652347493264697
85,0.029043607449837822,0.14935834769163672,0.04053981257529396,0.1457833777990213
86,-0.03143954321900747,0.20363318471451983,-0.012469328060773234,0.20135759415644638
87,-0.23677441305421287,0.2059612138428606,-0.22865238199036048,0.20252711853935237
88,-0.14516396738795317,0.1778586767730789,-0.12710140716681204,0.18802016413693337
89,-0.2240875533791798,0.17303663830131807,-0.22087799973347236,0.17764044839694668
90,0.2355733314552284,0.20432550333346966,0.22371851247954194,0.20671266402049768
91,-0.018843689560992995,0.1845591518072146,-0.02057261438076201,0.1956891053821777
92,0.09419319899442996,0.18840977292064057,0.05735427162033719,0.1941217954556753
93,-0.03683584534000759,0.22373295753104017,-0.03386197122857894,0.23175079071893598
94,0.19571311269382413,0.1539705150481611,0.1856373540266763,0.1648524544831148
95,0.004612400706013991,0.16980670083790714,-0.0012107572044700002,0.1704680178672305
96,-0.2454445543322724,0.2105439547833229,-0.2456963266014296,0.20848193595626505
97,-0.014685707670529997,0.18502500201732752,-0.00555364081022701,0.18544474088659368
98,-0.09084207963462487,0.18557439039846135,-0.0910647056583289,0.18009241469658605
99,-0.042556517020310054,0.2184376722079012,-0.06090830373215003,0.23101614913578694
100,0.13443494734643802,0.22126623419221036,0.13913359759526386,0.21854663781311676
101,0.37119266208498,0.16649767803670018,0.35336957666227076,0.1665908455420672
102,-0.16125333989394613,0.21209340356907533,-0.136344501632096,0.20864763713272358
103,0.04311383802980111,0.2501061299821555,0.05454928777743607,0.24758859737200428
104,0.10720351523873739,0.16498253247819303,0.11769052268971204,0.1726797782022141
105,-0.25171157337546995,0.20358859855178885,-0.24910525762203364,0.20080894827766166
106,0.05610331875803697,0.18272952750713578,0.04996831336027603,0.18187545320366788
107,0.10255350656940183,0.16617361366415867,0.08638091571918814,0.17670074012853573
108,-0.02687922132316004,0.17391964211086325,-0.029407221197444558,0.16612605412736056
109,0.20072098011280046,0.21499464936748902,0.2034221934906678,0.22307930438776866
110,-0.1580938933811107,0.3160611303760617,-0.12645778775660002,0.3183830518073405
111,0.24274246232036004,0.18461736189918876,0.2525387633157233,0.1883177989651666
112,-0.06511185493945201,0.21923921599856072,-0.05252770002263698,0.22103363600883524
113,0.1055913515563279,0.16464932572105198,0.09120323125187435,0.16961544999684536
114,-0.17850581077991212,0.22087988577128562,-0.19908460769552955,0.21860147421570697
115,-0.207819710346398,0.17528719310046817,-0.20268646472542023,0.1719692781532561
116,0.42151665716526077,0.21431953029637232,0.3860530758958316,0.20993771829438493
117,0.0166421605400828,0.18984804744613673,0.027995839816409004,0.19784335101524647
118,-0.04564261479836601,0.2062025027629412,-0.06232274605017,0.19820925289139177
119,-0.18140863258327733,0.20679433791694787,-0.19589944935295384,0.20026883759772943
120,-0.007242814807929989,0.20056723892595082,-0.026023428874722053,0.1997545948675794
121,-0.013385928467048969,0.23120196818068423,0.018168348638095,0.23379016124054555
122,-0.165091204517749,0.22001129078162862,-0.17200352434209493,0.21956484375700114
123,-0.03224323443214103,0.1594190188459172,-0.012469542197849,0.16877995260073078
124,0.7398226807079008,0.21492742615480917,0.7259576130967995,0.20693654739241818
125,-0.05036366517553895,0.1762864494439826,-0.055983187053655965,0.17660461800644756
126,-0.0866288422479851,0.19991762695954857,-0.11216262808479702,0.19946141495708264
127,-0.00998027140007601,0.19196673575817644,0.008635377083784989,0.19873909800862022
128,0.15680300208781575,0.21309878896665324,0.1600815739306109,0.20574464535669373
129,-0.2075202740974502,0.19580910110893565,-0.21122847441008027,0.18982501757899375
130,-0.18061892335693985,0.19397686761629018,-0.1624537028487959,0.1862573072906783
131,0.12395479150613993,0.19881410146164616,0.09338418966408017,0.1950680179330323
132,0.3149802202417501,0.18987267874680808,0.30987796286114944,0.18927656765651374
133,0.2393450341126079,0.17034734378026742,0.2417171744794341,0.16990723460470245
134,-0.25240241919311585,0.21928800912523386,-0.2539580217607102,0.21508413323414338
135,-0.22201964138141614,0.1862214372504457,-0.2262880842717081,0.18172114723733496
136,0.267184722887911,0.18765419227468622,0.27808612021548434,0.18701108786144127
137,0.1822090077334766,0.2044157937215423,0.1880406132672748,0.21534954530612158
138,-0.11305248102680995,0.16939549830999506,-0.11397286111364413,0.17858875157944773
139,-0.6843508042390019,0.19258143649072904,-0.6594625006095,0.1887821558789852
140,-0.01714996070207896,0.15364283943762547,-0.004649841050438993,0.158882117830931
141,0.08409946983531619,0.20599933411916924,0.05928321176548206,0.2127534008547914
142,0.12671497254707206,0.18911795320759764,0.12704753319827386,0.1831236019200789
143,-0.07029757756195905,0.2823386152587885,-0.06559669393079794,0.2755917376596365
144,-0.06593575004890992,0.20646758676604224,-0.06290241544849184,0.20484027781662145
145,0.23724911258822973,0.1798147395118583,0.24745361118683218,0.17854845186421536
146,-0.06421940213982513,0.17849115010625882,-0.05388799343318998,0.18066080963194242
147,0.11032006701355213,0.18719666397546722,0.12939642268308998,0.18931387190890733
148,-0.28830926297346465,0.19687159908240753,-0.25665914977993914,0.19874003305665952
149,0.07426523497127904,0.21817891446553286,0.08109755943037393,0.21785972548623384
150,-0.059256895793162206,0.17523503360798048,-0.08503315903727196,0.18061512740811933
151,0.4943331903150005,0.1628861268572045,0.5006757301308001,0.163749654719981
152,-0.21670431988832722,0.21900862596759296,-0.22915236041937026,0.210732858625358
153,-0.1915747057686497,0.19512810115271778,-0.2117537760512499,0.19048795331929153
154,-0.3421728575698999,0.19126600405496683,-0.35702615518936087,0.1886135951313651
155,-0.2248728567063019,0.18896301979236227,-0.22081484804721505,0.1851902343992449
156,-0.17835718602886497,0.18929678011508036,-0.18963967305992188,0.18044557627139335
157,-0.28385702977646016,0.20191281740027048,-0.25590527534263985,0.19735660770239136
158,0.42153376250682634,0.1745519601884788,0.4307965632317107,0.16917293356112756
159,0.3093578792154997,0.1743707238777654,0.30055420943026967,0.18794665244211195
160,0.25786240326823245,0.23549357068931043,0.22990979688279245,0.23054791437574781
161,0.2375365281706995,0.1944417198760654,0.21302181902433967,0.19379710794613078
162,-0.033194968690254,0.21621319998323107,-0.03382567118419894,0.2095115841772642
163,-0.02499014536097802,0.1777467193802629,-0.0291162341716132,0.17289067302307456
164,0.048268123353079985,0.18900713822632362,0.02866736338495598,0.19261970486990357
165,-0.1457201327701699,0.20833248098185847,-0.12776475563704512,0.2066772332913291
166,0.22596993626048384,0.2016056826387236,0.2217665222105962,0.20413622388054764
167,-0.12804639612728105,0.2130559244883782,-0.11771316338410409,0.2046859223605099
168,0.36345951670048965,0.23673766403952337,0.37407317303456994,0.23891452707419775
169,0.16897663912530514,0.21471308881781417,0.16465379986748124,0.21892748070849372
170,0.25754995869059166,0.17916098457700338,0.27361564067434024,0.17935593850380457
171,-0.2878742588091545,0.1797141694218922,-0.2760456613105531,0.19267084469829723
172,-0.04644099962350707,0.21902056274098947,-0.045710966259311966,0.22052589487358143
173,0.5505983481068997,0.20945735538840957,0.5423054521459008,0.2074282396938057
174,-0.002145011083840046,0.24365443274703708,-0.0037510365181500156,0.2510064160825621
175,-0.15535302455933792,0.21186970013809495,-0.16022463263358627,0.2188109689264216
176,-0.043644621945962025,0.15784686291953168,-0.05284382840518994,0.1704090478703241
177,-0.16439083594767304,0.1976825618445605,-0.15264380869364325,0.1948575643480361
178,0.0058746781047090075,0.19445909734012898,0.011472472175066006,0.18248342971128914
179,0.13356192128523975,0.17197152123127665,0.1358436951812547,0.16625086043347095
180,0.02387259077225,0.21301445764641186,0.04788213605959005,0.2032276776479542
181,-2.201474264610001,0.5201645914134911,-2.193849973630001,0.4915121159943131
182,0.19686649908826925,0.18326577154507365,0.1988519407444779,0.19109251954265685
183,0.3134061793219178,0.21259666411965672,0.31002650294558987,0.21467065524910445
184,-0.0033469075316057825,0.20434538431016178,-0.01516140883033937,0.20678672818212834
185,0.2645133551556398,0.22913177214026043,0.25086078119194205,0.21943783047919388
186,-0.07046488911997509,0.1796079084370472,-0.06944748984944196,0.1853022104546308
187,0.23388244816684395,0.19704160866976908,0.21703641308690783,0.19223627287117184
188,-0.3471845686964499,0.2012363207511742,-0.34317183304577975,0.20035126495422398
189,-0.41991908070192907,0.20875134138099619,-0.43137085682075077,0.2099554058527397
190,0.14149530666033003,0.1937268197676397,0.1356970488328879,0.1922400346419229
191,0.013841110770613962,0.20996044269057088,-0.0007105118546839993,0.21488179304468608
192,0.047283482301897245,0.18598900624278128,0.048868129223118985,0.18901144994308142
193,-0.42979070029462,0.17935110273200439,-0.393645389488401,0.18090494508763577
194,-0.10283382320035807,0.2002038884919,-0.09951045864380109,0.20020958431222613
195,0.28629142398442003,0.1639905208961557,0.2670058476200702,0.1597961674260998
196,-0.44917611017194004,0.26068736029037565,-0.4212578779835592,0.2495413136072405
197,-0.06518777313660006,0.22376159375685983,-0.071672186415262,0.2229518884112139
198,-0.20000712903364828,0.2804732975851096,-0.21086610734434755,0.2740819790264151
199,-0.25176512364382975,0.20452168349333902,-0.24838595789632956,0.19847816666244641
200,0.009679966758604022,0.20622065960792196,0.016202326917845993,0.1949677259346101
201,0.21166030747552297,0.20460698124640414,0.21108388046524823,0.18988919230875695
202,-0.03545621784441585,0.18023564716929022,-0.0215220683849307,0.18132526565180437
203,-0.0844810266186618,0.1856669293139487,-0.11094864089868794,0.18297346932295908
204,0.1669678128322568,0.17826713959770102,0.12611191393222781,0.17620255598851645
205,-0.024618530783988016,0.23169786754966415,-0.025492098684002956,0.23445974241267703
206,0.33657640203003014,0.2502688253164152,0.3094642065879366,0.25069620154748573
207,0.08435049150716084,0.18167045448394617,0.06637211301260892,0.17982423439058784
208,-0.35852174668738,0.20514214053816332,-0.3662130430261302,0.2021803280875796
209,-0.015279921044786027,0.20185312818040466,-0.02900923612858007,0.20632514011326616
210,0.2908378315140618,0.1790906115723363,0.27790827777383187,0.1874791580161826
211,-0.5225811181132298,0.1909550594146784,-0.5296067691374005,0.19899224651236658
212,0.27721874928000334,0.1791933217486087,0.2671979014416499,0.18581232016125826
213,-0.042311452531253034,0.21355866508272894,-0.045533218442560065,0.20668110468896034
214,-0.038297489865467514,0.2518252177122217,-0.04235677594073999,0.25655110788130886
215,0.08663361617022639,0.18271823674194895,0.0490389388353259,0.19829665427171306
216,-0.11984173383570096,0.16786452855358505,-0.11705730751742795,0.1653639466615565
217,0.07741847330658995,0.18684831309988004,0.07009359292977206,0.18561976679184436
218,-0.003640887522739994,0.2144829176097258,0.0035141439929240086,0.21443490801883314
219,-0.130631069278722,0.20889840953981195,-0.15541637227903854,0.19996649229417732
220,-0.06609231736370294,0.18244716446139328,-0.07495390615235996,0.18302830964398134
221,0.02481481435150499,0.18633549153147194,-0.0005812667604110072,0.19186852596758122
222,-0.014813245201726808,0.1636154126782108,0.014271598076452958,0.16669004626497558
223,-0.3999961427527908,0.16727710555768016,-0.40688012189466366,0.16738890038494117
224,0.4109835144796705,0.1826163393982263,0.4157742049550602,0.1826495330187319
225,-0.028031523959432043,0.18489564693162527,-0.018028114316590994,0.17777088506088212
226,0.2954049939533107,0.24619975872274633,0.29457606645376583,0.24754268489162512
227,0.14895673024505696,0.18617360200690547,0.14125805681156997,0.17553580580369932
228,0.14497082075371315,0.1897058469009181,0.12820940241800993,0.18401281989933638
229,-0.12711926103540994,0.18562260862119703,-0.11397236351770915,0.1907906095693053
230,0.17028930297800995,0.2407296973640081,0.17682751760577992,0.23649576307488257
231,-0.055603977286756104,0.16719928764011285,-0.041574970502760975,0.15776177027402938
232,-0.29083256117471923,0.20417759116577108,-0.3095523533166077,0.19930526589273975
233,0.38270496115568003,0.1971072166343561,0.37826828921379135,0.19656255522611216
234,0.09761224060922453,0.16959479503273964,0.08078486492355802,0.17228157086238224
235,-0.2851702065115179,0.18232047184688735,-0.29881516977703104,0.18164518371685778
236,-0.09582109964213589,0.17531628957794518,-0.09333575574920891,0.16942862521836016
237,-0.3826015812398097,0.21722941672597318,-0.4084361126646461,0.22392049881921344
238,-0.19180327309379264,0.1754024549333049,-0.17512480100921765,0.19025679353385452
239,-0.08373463150503016,0.18587007013723642,-0.05660889342835398,0.18851618615679488
240,-0.23795706715807188,0.16592252471288652,-0.24060312793334493,0.1703527475562654
241,-0.14715291155546512,0.18423678080882985,-0.16866628397751435,0.19558155618395762
242,0.016813707078069992,0.25057163768460883,0.024177657374275005,0.2382570487680395
243,0.3494124622836891,0.22925638788429797,0.36358576055257036,0.22360322727501297
244,0.23165722579679002,0.200887257799224,0.22773158555602382,0.20298957929364525
245,-0.015716816486494013,0.20537256914849542,-0.021671291547849972,0.21163356954126697
246,0.10623452856283488,0.16886674076513883,0.10521682052068781,0.17082878986965458
247,0.1449776986663788,0.1966440952939927,0.1218800427440411,0.20157876267067348
248,0.15650290873587025,0.17446617503560535,0.16146113015883787,0.169851174211423
249,0.23740990369754036,0.19568280575324445,0.22199739259714027,0.20575120802532623
250,-0.24781296443920492,0.22101733046348898,-0.24292149503948987,0.22353224427878318
251,-0.29050354091300973,0.2129394089120458,-0.3179997012712398,0.22318471802591655
252,-0.5472255618649007,0.20455849034826867,-0.5403267303697997,0.20245307206034913
253,0.1153054019431929,0.20186698229052444,0.11003192411264383,0.19899123930782592
254,-0.3484332698867584,0.20151434532394066,-0.35237310913557973,0.20795987099956065
255,-0.1694015322817999,0.2556811926645797,-0.18646516201059976,0.2515411508992891
256,-0.2744553404059516,0.16235663525010072,-0.27386339154019973,0.15568565989421107
257,-0.15812736066223892,0.1744012281343784,-0.12734529850519993,0.1663102000209145
258,-0.09474836004608594,0.18734783530440027,-0.10020433840715595,0.19421492936438328
259,-0.14755943835813148,0.181569795741909,-0.1355575423483291,0.1850767761657935
260,0.09935964868389578,0.18048149776051176,0.08919866227358281,0.1774175020917511
261,0.24035582849460016,0.21951357665263765,0.26198135535831,0.22389246862464243
262,0.11149099787009613,0.18943621648973594,0.10533891043499084,0.18761446295834178
263,0.5152643860149003,0.20935781080561167,0.5102909457971209,0.19829516615085838
264,0.08204959023790957,0.1646088673356805,0.098828913512302,0.17478214090450173
265,-0.29994860325439004,0.18718191547790863,-0.2962685262824649,0.18063302792684677
266,-0.43201763287050066,0.1901753688308983,-0.4361259332130999,0.20229691655922521
267,0.36801411885248964,0.2082419290718755,0.3616780066924306,0.1997309183578317
268,0.09304585609141389,0.2055600207860446,0.09095932039831996,0.21270239139081717
269,-0.059707243130124966,0.19867114469386404,-0.06349858035311645,0.20210024816599007
270,0.12404489617808492,0.1804260099887112,0.1385209572663002,0.19575910562334
271,0.06704036112082211,0.18144913423791972,0.048674023321573064,0.17990079099876238
272,-0.14521663085696004,0.16562748167847496,-0.1616174978042064,0.17103867488698793
273,0.14817600512582602,0.20628396331079965,0.16088562015234004,0.21891157598992592
274,-0.28829407003147434,0.3413689744741607,-0.2472107594556704,0.3400723250831751
275,-0.35796790976419,0.17244211074786003,-0.35805591661212044,0.17219266256100008
276,-0.28023186953762025,0.2530484621680399,-0.2818464851545442,0.2549140085241168
277,0.25158213322432765,0.170821699129029,0.2623935433682898,0.17651721383387417
278,0.011582234012285012,0.17770614612483462,-0.015320425081578968,0.18048734362186725
279,0.006472795578452208,0.19520388304330913,0.00854543637619203,0.19593694820760094
280,-0.12907420794479588,0.2311651212375548,-0.14361458566300556,0.23181999244914955
281,0.2788199072615606,0.18485963793901972,0.29500002391819025,0.18092908341775346
282,0.3564519732856694,0.1979533025806806,0.34605066652727445,0.19729132566794097
283,-0.6063835628534,0.20262155095724743,-0.6186237606524999,0.20341639064815661
284,0.14277141910807198,0.22692807734780576,0.148684711764426,0.23210628634493904
285,0.034079245381906965,0.24810563408324732,0.015301922975543999,0.24414369597690203
286,-0.2880682369436597,0.19387463035264818,-0.2577545190910302,0.2011220885915422
287,-0.07167057276531603,0.1786443269822487,-0.05253297661844999,0.17300381230013945
288,-0.1645601667704861,0.2542711309295341,-0.18943214556556567,0.2567541627007379
289,-0.14519092275868814,0.1958888772379702,-0.14600047698175686,0.2010880701913475
290,-0.28347025541722976,0.17814591476232877,-0.28489154422315977,0.1714374687019272
291,-0.29804060237542734,0.2004230059792174,-0.2911847872729979,0.21350891458055493
292,0.029647578009615008,0.21467984117075525,0.030436654268166087,0.22093045282000084
293,-0.19362284384147047,0.1776112281868826,-0.20183429927918797,0.1899945562195802
294,-0.1709518438338858,0.1899823419642798,-0.14550378341318687,0.19639864852172698
295,0.13156681062873565,0.21314801074662615,0.14438788523433208,0.21911835351547118
296,-0.07635744248638793,0.19908694592621642,-0.07676675222801718,0.19185322773967164
297,0.15486654019313292,0.17663418082692328,0.1502912732541944,0.16761223740087608
298,0.211419555848774,0.21658734893880022,0.21693857356445992,0.2102375958270486
299,0.037693385329445925,0.2246684039560873,0.025435689026510024,0.21133372605455955
300,-0.16316330649335026,0.18679128864449465,-0.17833051053955,0.19702222983198353
301,-0.07058277930713056,0.21336158527938198,-0.08878158996164062,0.2109718894090693
302,-0.09566360709737384,0.23421462466121265,-0.09184079205165745,0.23881533611966946
303,0.03922649273186696,0.1789271115424394,0.03710313020195802,0.1846889139703786
304,-0.03252601243729203,0.19907132223673737,0.007857789312749995,0.2102912202022722
305,-0.4049587345395823,0.22472481463609417,-0.42931827086331015,0.22395991056794143
306,0.017924951709242805,0.17327274221296857,-0.00035829625627000714,0.17913883001514708
307,0.00013399076813099982,0.1739712303201707,0.003129583830146998,0.1722984408216406
308,-0.1771447832698796,0.19679351782690885,-0.17214715061996977,0.20631229396813372
309,-2.681586480279997,0.5318662410866329,-2.6719223744550056,0.6012762685162121
310,0.20888583963234209,0.19280654590445004,0.2000325093238601,0.19149051982592574
311,0.016633341570198024,0.1876664166156436,0.035851118668898105,0.1822827338206307
312,-0.31273683298366944,0.1683885669565942,-0.284785746236281,0.16648380427553247
313,0.2875765889169895,0.17393497687550918,0.29109059482710553,0.1774001182463271
314,0.03143863550175602,0.17682222048953855,0.041834808046830915,0.1916662450541683
315,-0.14827016042946822,0.1867212486482502,-0.15676105340410687,0.1853101407758831
316,-0.19565111241703195,0.15026069909229056,-0.16985069792142973,0.1529060075688758
317,-0.3834026441154498,0.19579107373733423,-0.41178080409463436,0.2078244543316038
318,-0.130515388838238,0.21740782239119127,-0.13117073276986876,0.21533170214039093
319,0.06793337592924012,0.21349613583974913,0.07145683266223099,0.2121157411971023
320,-0.37560429286000946,0.2167358512910824,-0.3876813107006658,0.20437939455198978
321,0.27269620744765377,0.19572514831623283,0.27926081688891025,0.19495878115369258
322,0.3177434400966597,0.1861141273171324,0.31414198492466,0.1960674955057411
323,0.3608858391386203,0.19176389749861716,0.3339203478200297,0.19306322787116126
324,-0.10154248950308996,0.19789726281398382,-0.08893135192611103,0.20062930083180047
325,0.15228542598188793,0.22630918717087078,0.14010912625155508,0.2312266198896414
326,-0.22961567310070025,0.22249633440208058,-0.21255263270544306,0.22989171777857242
327,-0.213600050123842,0.17269899976387754,-0.20541989880677045,0.1724525480109096
328,0.21515219425129187,0.19174715007562534,0.22261117373417966,0.19660441169711174
329,-0.14821118135592515,0.1794678557301081,-0.15264078104224185,0.17823649838805375
330,-0.3758098068423175,0.20753422945519068,-0.3837661364044972,0.21712606479112584
331,0.009092848963805992,0.17435170024328617,0.03518868144444698,0.17175044444190612
332,-0.4472240854586705,0.1961325771316552,-0.4563893585822599,0.19609379936665192
333,0.4117670539455893,0.1777366737573559,0.42378281699392967,0.1848539440782196
334,0.32606469519890463,0.25021971256662084,0.283032437892082,0.24537482734384586
335,-0.10026857049954986,0.20620485940110897,-0.12902030395906142,0.21368790699144885
336,0.18868003635148645,0.19557828276890513,0.17828494211634985,0.20288328904080352
337,-0.39687727045586,0.19876874908589215,-0.3770655492589106,0.1886587496167613
338,-0.02461201064047899,0.20701037218491952,-0.035660792510009726,0.23245757507126524
339,-0.21734565475638998,0.18184129041559494,-0.2277493875359878,0.19034248315074254
340,-0.25198374331064893,0.19462073806030442,-0.2691238646299896,0.21868040129432306
341,0.3132243276063588,0.18532935767562883,0.32609281290226594,0.18818737620242118
342,-0.018436509918749996,0.19606218006481552,-0.027000303589750013,0.20689007217735078
343,0.11965233545222463,0.20468831377517982,0.12710442445664788,0.21090938299929834
344,-0.09287933682689369,0.18246328457417407,-0.09389809906821203,0.18927033610354127
345,-0.019169225414353966,0.20643554583653054,-0.011336735992524041,0.20493412183538093
346,-0.11166485622544993,0.18553030960246578,-0.1076567833192761,0.18432782643207024
347,0.19128203441512995,0.20231685516359685,0.19211241694966713,0.20725966613655397
348,-0.12018146036095867,0.20717915954254054,-0.13614385064077494,0.2015442848093427
349,-0.12242059171927101,0.17528366833253048,-0.1224419522660908,0.17069229888534754
350,-0.05797622057497196,0.26575931679379106,-0.07612211144358996,0.25889200943624213
351,0.08211610586240196,0.19985841134722865,0.09648243556883196,0.20349394601364482
352,0.17026014887020896,0.22306098270525573,0.16543462664803207,0.21703756164840637
353,0.6951453321050003,0.18959995698831666,0.7153033846079991,0.20052268163960174
354,0.06980927086563608,0.21431362295388204,0.04822288044148892,0.22609045092963814
355,-0.17869446942941153,0.1903537231992341,-0.18531122142769968,0.18310813957067149
356,-0.22333441355746814,0.23299577691717935,-0.2439331848992142,0.23196611073209422
357,0.017085773115096035,0.19704263557088836,0.024128254265925957,0.20102918180563487
358,0.25408049624136997,0.2006532705162666,0.2429192804812998,0.1935426265469955
359,0.2580796677712401,0.16009550113023244,0.24764515607123008,0.16201571463254297
360,0.04331418571506288,0.17538750664729696,0.06310899216802505,0.1733150669617437
361,0.06370949068161201,0.19225740579936437,0.04420316234082804,0.19736316595293357
362,-0.03973085701327893,0.19729031246584458,-0.049320559404130965,0.18825553360081954
363,-0.3290747584065602,0.21313444998203937,-0.32051059347570077,0.1948549376240246
364,-0.228367275391518,0.20667194146455073,-0.2120411997687003,0.20493656093190418
365,0.3591347240728806,0.22362153512725244,0.3523730295593205,0.21503537906048564
366,0.2347161068462163,0.19873757329202332,0.22221884079874057,0.21273970042122978
367,-0.12138530886169324,0.1812053054251688,-0.1226749015262862,0.17750004045534085
368,-0.17549563623793973,0.17843750660715918,-0.16609256725101404,0.18957354519372824
369,0.26140238694055207,0.17802485203097895,0.26313485479302645,0.18451803692125537
370,-0.3546586105347106,0.21732729400404946,-0.3638388458338939,0.21230096585450187
371,-0.06832935595882011,0.16740092962020856,-0.081905633774871,0.17451025868895143
372,0.2582663638902861,0.19727744244724474,0.2592654473122479,0.20026766086672104
373,-0.026487847980279096,0.24632153771613052,-0.002937749159798068,0.2468052471067908
374,-0.17730875207227967,0.2298265914066939,-0.1392984650159371,0.24761811909904285
375,-0.11174033049845913,0.19116270682330386,-0.13785114598548182,0.19850164978359128
376,-0.08927403997529901,0.19162452095227084,-0.0948200117183409,0.18529023876744471
377,-0.07565313923539282,0.1905890533521787,-0.08068199314652817,0.18779558797943757
378,0.2660472129148408,0.18396174354894565,0.2506282475031599,0.19313333608843697
379,0.07770142489043999,0.15624091843724883,0.06533880680190807,0.1673632527345883
380,0.12433599084329204,0.21143092563574284,0.14029120057832092,0.21316131383027323
381,-0.32779674066937026,0.17937753432127312,-0.31758892487724943,0.18431790959104102
382,-0.9440738101510006,0.19752301899467456,-0.9595678109169985,0.19709942257982602
383,-0.3187445212008131,0.182918252246178,-0.3122193903396895,0.1832252219893938
384,-0.21065257530269155,0.19328848402686927,-0.2342424099957196,0.18454509308002884
385,0.09327104181903197,0.2219214376311542,0.088358731767655,0.2241020475598069
386,-0.12622924859592405,0.18995320273632418,-0.106381302324437,0.1973793104854178
387,0.35427021925783997,0.18106486734358743,0.35658661597336955,0.18354089201797733
388,-0.28747447504087015,0.23129992078257472,-0.28295757311825975,0.23305580733756978
389,0.06001871261693195,0.20335781256209975,0.02980859836233605,0.20567926241322446
390,-0.3880017914128005,0.1879612814865674,-0.39252975197825085,0.1958122165736592
391,0.03586360543789902,0.1700331180420072,0.06464861833307299,0.17198790263200114
392,0.14695551454026806,0.22532147703741176,0.13489486771850182,0.21318366822756527
393,0.16494248926117805,0.17148733031872654,0.18718695737625235,0.1701145222052979
394,-0.15180932953141996,0.2200569210977172,-0.13816325430483903,0.23294536256652454
395,0.1731173680727555,0.21841640830039327,0.18141838760453963,0.21187662514583921
396,-0.1374606123505239,0.21214846557580935,-0.15081531823964306,0.20658933925031306
397,-0.1906428176188494,0.21038105669354917,-0.18328727664892003,0.2062391161340456
398,-0.4218131262840709,0.1790522866280528,-0.43839536420243214,0.189045833236183
399,0.16530550773502184,0.20427549831217004,0.16079541512550072,0.19580929764328692
400,0.33929030819295397,0.17993496986800533,0.3421104184345399,0.19650982936946682
401,0.3318265192381363,0.19574361576943877,0.3194829966820199,0.20467352199112415
402,0.2813489628775001,0.19363366465915519,0.26845573784340265,0.19770849080582922
403,0.007398592528438785,0.19110101761469975,-0.006151538437895006,0.18444342808316147
404,-0.053630158928921964,0.20419206506421556,-0.04920949373161087,0.19891259474304362
405,0.2367861788977365,0.17741524798994854,0.2414835684172601,0.18113169572240898
406,-0.29739658352455994,0.1980354893808099,-0.28831096340774326,0.21467744858076135
407,0.1682089784044034,0.18850254508490194,0.175698027156153,0.19335723771836646
408,0.06421507004692263,0.18067482053434158,0.07582821331822195,0.18655285538712268
409,-0.28905009299637974,0.21898959300517892,-0.2854647144109102,0.23832618969652272
410,-0.18373164919792984,0.21423672292307044,-0.18733070764483292,0.21472910560401579
411,0.3538555717337692,0.2205550981373847,0.36256628153518017,0.24483103932370545
412,0.3859321681655801,0.19424343855356782,0.40009407964262017,0.19153042571180834
413,0.12000230198410404,0.19461439064798672,0.09412965847559895,0.18360770185083874
414,0.14995904934112028,0.18892689555977668,0.15540693508325654,0.18317869440691875
415,-0.5010703090719999,0.17335405134839335,-0.4866921491905696,0.16763762266675272
416,-0.01727159281582904,0.20068584368956516,-0.02981161139738605,0.2158999696880358
417,-0.1074303522239911,0.17946244752503507,-0.08835203913243009,0.17932033340216633
418,0.09479281633202905,0.18792226301153644,0.08045200599441174,0.1851150473492937
419,0.12599645557021003,0.2035947343598491,0.13454150989459057,0.2047350217153288
420,-0.40947276499073604,0.21798469471325654,-0.374691044131079,0.21998384361716738
421,0.6896778863983991,0.19641756383237002,0.6884648477562006,0.2062247079523162
422,-0.0032760034278199734,0.1839094470848622,-0.02819074208550197,0.18483062489746305
423,-0.0034000680780539973,0.197790483065306,0.00026193789602200373,0.18449500815906952
424,-0.17921068902864007,0.217699465980903,-0.15600319025997628,0.20764343356361395
425,0.37158183275833073,0.20577724971728698,0.3705668896816793,0.21042166783193073
426,0.5207949032605194,0.2947971342367324,0.5298048104816498,0.2861542467240069
427,-0.1375024233480899,0.1557125347024112,-0.1292984169256699,0.15261390491297788
428,0.195747354505288,0.15902054351438782,0.18318072314281,0.15879878974275435
429,0.3735841358083668,0.19489544830528394,0.36032437377452964,0.21042976072318237
430,0.42830709794073674,0.20664161090292005,0.41973492736555007,0.19460832727049882
431,-0.17588920068203964,0.18603702923734833,-0.1629112485512651,0.18561453311761114
432,0.07239612049999206,0.2007464872068086,0.07047003291421491,0.20410761064698582
433,-0.1161213371382179,0.25214545291492413,-0.10540525492342771,0.24420225369890217
434,-0.09604450952922203,0.1740720533913694,-0.07853326868902794,0.1834882002035765
435,0.05675660789953897,0.1967997765028045,0.03377450566064708,0.202137202837437
436,-0.22619884226711975,0.2685722982817174,-0.20552797594905878,0.2588790764670772
437,-0.4187950842801,0.19375750660460178,-0.4126152437850402,0.19371137151514467
438,-0.115908829483891,0.18852099624803123,-0.1521058630316949,0.19270186148737706
439,-0.10543615153695195,0.17544060935116707,-0.11703964056279388,0.16796862843008611
440,-0.0960944908337908,0.18007806416565075,-0.12034443624013173,0.1908899364288648
441,0.05645293515859508,0.19897770814781157,0.06065498394453891,0.201395165128788
442,0.00936633968412899,0.17451031657872776,0.023872215389318996,0.19318431794954996
443,-0.09891488113510405,0.19191218591046896,-0.07681052920378506,0.1979145154052539
444,0.2002351946568394,0.1639589477241607,0.19289386405636771,0.17611986448875694
445,-0.21108863519967955,0.2076177522932374,-0.20330310290849998,0.1909790914155659
446,-0.3713478347114216,0.27914474251590543,-0.3710853792797164,0.273598562037767
447,0.3393691853865598,0.16204607780126506,0.3118731822419499,0.16723706798216248
448,0.21802760433724894,0.1703645393349238,0.21076618107665518,0.17056978792539207
449,0.002052140159441008,0.20653839811170915,0.014666561095996,0.2064362258532043
450,0.4527820773926,0.1862787331534625,0.4678578061427094,0.18590910825679258
451,-0.2030724383169116,0.1901819826540496,-0.20133524382745174,0.2003779850719566
452,-0.0014937428968924843,0.19605002434245825,-0.010700986521906519,0.19983359243366916
453,-0.2315892614433201,0.2232543448054574,-0.2347781240160984,0.23830977268059111
454,0.44950407510696033,0.16197671704636832,0.45611530039820036,0.16987008060274658
455,0.12525330235457627,0.21235256160467356,0.11672496633244968,0.2135730469830111
456,-0.017114803449526816,0.21309370933202595,-0.012681620296494923,0.21112648522621696
457,-0.010205859072013001,0.18100205617615367,0.0007714055649929993,0.1722271257878235
458,0.13966161698548002,0.21896261760304422,0.1441232891703538,0.22522345281528225
459,0.011149566125649997,0.19991956259461816,0.005891652558722009,0.198085915554859
460,0.08662000906182296,0.21804599553172535,0.08634212266043094,0.21224715994554313
461,0.054260950674008976,0.20707647110756197,0.051005430000493644,0.2034841486825017
462,-0.15690524235259778,0.18848556591149043,-0.18646965067826227,0.2087135748633926
463,0.007628634225505999,0.18652982364275358,0.015789604954269995,0.18096214580190703
464,-0.2621797685575704,0.24307860945174312,-0.21786271550744807,0.24939340608990546
465,0.3049922557131092,0.2049150932735722,0.3070624187024289,0.20904361587175976
466,-0.15322007792835318,0.16944310290338488,-0.1530979216659299,0.17191711913275193
467,-0.05963314455757187,0.1921744644491076,-0.03619643412702595,0.18590239853866752
468,-0.54966787283502,0.24754028882182216,-0.5288406523096006,0.2557164231284029
469,-0.13635247904039502,0.1646418182943247,-0.13170544307071982,0.16056467533804847
470,0.31827701860331675,0.17597515382865633,0.31026123430998975,0.1860649586624499
471,0.15383065397387988,0.17646160084945575,0.15786637687060193,0.16255161219685202
472,0.2304886814379268,0.16997367941615615,0.21140980860706987,0.16291914533845375
473,-0.16151075494645092,0.17419877308091083,-0.16322150122129622,0.18032024021541002
474,0.27331573886642985,0.1860752583450772,0.2915624591363602,0.18562339265375447
475,0.1547568019004169,0.17333931650781606,0.15552055425731995,0.17706801354153398
476,-0.050688409127490994,0.18300380049445217,-0.061160318276905,0.18136025043828163
477,-0.38030289552373947,0.18469671582401107,-0.38075565205732087,0.1826168818506331
478,0.23189089393878975,0.19438334650667885,0.22115582863058517,0.21038629479389448
479,-0.07588229057764988,0.22415579937148777,-0.10049982100731002,0.2285201952644512
480,-0.08902509042842807,0.20788018717549447,-0.08885185657504209,0.20735330385021905
481,0.07839710257535816,0.19912486644667918,0.086054649305801,0.19059777160965233
482,-0.15401871290046315,0.2141754839831426,-0.17087518161792786,0.21713553416673093
483,-0.1992800186056398,0.1986904346537102,-0.20243259056100674,0.21101238839129685
484,0.42006459310090993,0.17638304716069897,0.4400513478046104,0.18866225656337332
485,-0.2960534185641518,0.20545110051278767,-0.2972997210111889,0.20820962357605804
486,-0.32112176500258105,0.19468153160496288,-0.31342926149817063,0.18627229376110988
487,-0.4189375096112485,0.22293361826398228,-0.3847815722935995,0.2063556626187813
488,0.054947174671539985,0.19844677224332002,0.09410227585670801,0.19955301022401367
489,0.06644022536246003,0.1554878659639954,0.06076646363880301,0.16225169200553605
490,-0.24380963154006588,0.18944877310174296,-0.24374486164747544,0.20161352697888674
491,-0.30654015168446985,0.2021726176901654,-0.30118803151634604,0.21796857246309814
492,-0.06091159909028003,0.19863934443060052,-0.037405918779085064,0.1877758690330958
493,0.2855345373243601,0.16528714542623968,0.3037321957301003,0.15778053244191698
494,0.21332928363211096,0.23387778775316062,0.219020900619238,0.21518803038514348
495,-0.25005973819693217,0.19977537641314413,-0.2386667527029051,0.2070020197389106
496,-0.21029105033299877,0.1874285036236668,-0.1884243427983519,0.18088266769213873
497,0.37882239180156047,0.16531046554660256,0.3735321804025107,0.1800775063060881
498,0.10323059027641372,0.19118649624556347,0.08812468670622511,0.20391217083271967
499,-0.11775904035383071,0.22008487391134424,-0.1292299442132638,0.23999269339296136
500,0.15339016629267396,0.22147985660051114,0.15082560958314992,0.2230268233962221
501,-0.4791277357774998,0.19505532718200677,-0.4698305315168495,0.1939576923503161
502,-0.20022561090936614,0.19464343187952846,-0.2202764979088389,0.19179487875640008
503,-0.7320874843169998,0.19060108938646778,-0.7513666725169981,0.1869983069134883
504,-0.4604278784259086,0.18241353422111767,-0.4492883556470998,0.18517320500022488
505,0.19055501877192002,0.15495179125585803,0.1917135662498572,0.1599003344312136
506,-0.15084806881454033,0.2568041405991819,-0.1284182374709798,0.25142369394466935
507,0.29063748460325917,0.16506757731008906,0.3113604396040608,0.1725581390337565
508,0.24714115899488037,0.22602297242168842,0.27529150440394373,0.22104474946523478
509,0.3392103417889493,0.18938221199795666,0.3561065144306353,0.19642187873706365
510,0.09798698329324997,0.19743612446694594,0.08941429608695614,0.20469582108490658
511,-0.05427406680449997,0.21639671994075646,-0.041541531202583866,0.2193913265099852
512,0.03377780832252996,0.1710362554141674,0.04559643343363301,0.1738377258248248
513,-0.15496651378008036,0.1838873044311973,-0.14237181863045575,0.18601175349236235
514,-0.05270557790705411,0.21599877096447342,-0.06099936574776999,0.20758673277856962
515,0.19644518763040014,0.188267451750698,0.17434693361445597,0.19204045950615556
516,0.04642837176140348,0.2345402831661306,0.04517594468738005,0.21620987149165183
517,-0.4549332472970295,0.20019894437925895,-0.4496486161635206,0.19985047165580552
518,0.07354326567125011,0.17960622864740244,0.06324829028203026,0.18361870829546642
519,-0.2550696014298698,0.18003173032726935,-0.2491289166731694,0.17817767147491806
520,-0.3431783557830756,0.19328506990547453,-0.3385772721032405,0.1902598633556066
521,-0.24153906206996026,0.2044519797578911,-0.243319345669135,0.20309870495632984
522,-0.08327848607144002,0.24381477154508663,-0.06482016175243077,0.24377090395483306
523,0.2705759796166913,0.206093849903539,0.2770273300643619,0.19872923105931095
524,0.11841258459110102,0.24292894336049084,0.10219670704106489,0.23844069477168303
525,0.18051470752179719,0.1676461998685553,0.19383774509002497,0.1658590283355388
526,-0.034911162346139,0.1820550341570815,-0.057398656416021,0.17994585830731036
527,-0.053597787376110206,0.17512247875967862,-0.08051842466798188,0.1795798460768714
528,0.2221911960165133,0.19019029979730137,0.23775218776070398,0.17949504397399776
529,-0.39843222139229817,0.20732534460234048,-0.3721360465143598,0.19842526744575004
530,-0.047687024296380054,0.16485057903004915,-0.043024498450490035,0.17712130028253714
531,0.03993609622694199,0.1891942472520217,0.06709981520460609,0.20379090593254282
532,-0.08277403608924094,0.16232970249809361,-0.059233001120789934,0.16992675521389436
533,-0.40945160684979054,0.19865848242323256,-0.3899085587444495,0.19972805738956334
534,-0.3639201606317191,0.20286634818828433,-0.35033040207161154,0.21079271958719406
535,-0.22430570909148498,0.23044090015669363,-0.18232375281566027,0.24739115816503932
536,0.1390930165993857,0.2038742746880814,0.15676177353937026,0.21329806826341055
537,-0.4254010713259803,0.2592653777779353,-0.4420848793023102,0.27557415958108145
538,-0.06265106089483197,0.18570150362882593,-0.059810033350810914,0.18528963189705297
539,-0.060347635504129894,0.19312158185056252,-0.090369622228303,0.1859502841560531
540,0.0022002787699210167,0.23992870124692714,-0.0028170583534000075,0.22760395420664672
541,0.018963324829536003,0.16703920614034304,0.004238284490251996,0.17405410216220144
542,-0.11288233521467922,0.1963207479405739,-0.12348005576414414,0.19113019583026175
543,0.27235668752584713,0.1923849390001059,0.27963641640166587,0.2057378734673572
544,0.19629002622892613,0.23465535518448344,0.18181824979122,0.23742974486013244
545,-0.3747723536778501,0.23769949455394712,-0.32500192061648997,0.2584334042426624
546,-0.2342258871753398,0.2079770650179542,-0.23881362938425785,0.22345864263694146
547,0.1118775430828718,0.1960777554657974,0.10641276540977553,0.20533170059940678
548,0.08644471592893811,0.18037437399533687,0.09865158677553088,0.18379987380425222
549,-0.07642885974550205,0.20459403431388104,-0.09387399147139905,0.2042102266323674
550,-0.03101498112388198,0.1918161918150595,-0.03223560221043904,0.2018817540043907
551,0.03144899718304768,0.205189990896665,0.039204409355445,0.2061803304510635
552,0.04274728715818799,0.22491556449208686,0.044041349564441015,0.2231686492981067
553,0.12934295196575982,0.16158234959113,0.13298996286652,0.16494556388516016
554,-0.14446464543697027,0.18556633151783938,-0.12294417379791306,0.19343967235929563
555,-0.08088816905107996,0.2341924776871595,-0.07007766911923397,0.22753598822880758
556,0.6540086297119986,0.19385958759234295,0.6410775416819999,0.19240240619841006
557,-0.08502204136187011,0.17981096706639396,-0.1117580913934041,0.18332488286755744
558,0.10463827499559504,0.19938305999272804,0.07108993405167284,0.21613052026340984
559,-0.320065495284468,0.23149368689236804,-0.31896006544472844,0.2260848963507372
560,0.08341029942163192,0.16849238336650074,0.06962796949681006,0.18113251828243745
561,-0.17475421968978,0.19323507130214293,-0.20263946771232033,0.20715398022845607
562,-0.3778730638833199,0.16799459258409982,-0.3957335537570994,0.1785232069858245
563,0.11010168388120406,0.2189326667519311,0.12950648010879015,0.21640046890975814
564,-0.3473791771757993,0.2587406835169023,-0.3423262364579215,0.2609726148574274
565,0.006401381144605998,0.22792986084355485,0.006057936827083003,0.2190616438958215
566,0.11134349937290404,0.1848185434826465,0.1077814330805771,0.192689809090966
567,0.16623764057025786,0.1927975650120875,0.14057616979286985,0.192246338443481
568,0.062429952039230185,0.17252977093091007,0.06382192433152499,0.178707930942214
569,-0.117742106473228,0.19290134221539068,-0.14024180135239592,0.19077401889382783
570,0.009138018252306509,0.2172594395833833,-0.002035767255100018,0.2092201571718534
571,0.09231537964069313,0.1758648668253084,0.07262070325077802,0.18426626420589676
572,0.23977538124542996,0.17968197702416647,0.24494278522503493,0.17472078998253207
573,0.1987826583559815,0.19570901486703707,0.187887653315056,0.19114667959722417
574,0.1631843678831025,0.19222582171602437,0.15422708070913843,0.19738917988919497
575,0.094884750805148,0.21241570883864597,0.12390505763455417,0.22931885154010956
576,0.27381496271213324,0.20687273451049307,0.27642985809630793,0.21506168970514142
577,0.2571586736271318,0.19681163576308833,0.24886357396733974,0.20190610566066322
578,0.13484063335587296,0.2226976475256654,0.11292341957561827,0.2189235618446471
579,0.030543157838549967,0.20557030101112642,0.05128594844926706,0.200315267454419
580,-0.02154312131702499,0.21321765697160053,-0.010841789206559992,0.21594451397115616
581,-0.12667791347313012,0.20232844526523114,-0.12650942361032214,0.20727358063806958
582,0.1253588661741191,0.21900651471823834,0.10771412348992049,0.21748056537053576
583,-0.3461755650741821,0.21564795256407487,-0.33897673831644487,0.20849139312357412
584,0.19572563544386976,0.1812594646111767,0.1881089818793908,0.17806739338465855
585,-0.08241720579796909,0.19020941830833177,-0.06463715011266997,0.18850542039422125
586,-0.5690343144147999,0.21006377155979677,-0.5623853898250015,0.2083976391731876
587,0.12628265669927993,0.1968345833039274,0.15609965729251862,0.20589056895452185
588,-0.2791427463695902,0.17551024670494605,-0.3108176989509568,0.19567936545376582
589,0.21073145726069864,0.2370076136223987,0.19450210500061016,0.23378452740291186
590,0.3926781257349602,0.19209904418884513,0.38017928674993856,0.19374560704988922
591,0.04216635827999399,0.19881430774293576,0.04408570305997599,0.20742361527654768
592,-0.21765890501776994,0.1643425713589441,-0.22408259563568284,0.16352837025543518
593,-0.22619309762719733,0.21159971723240606,-0.22679938256393314,0.21383295253695717
594,-0.13623927896750007,0.1812152962598618,-0.14283363746359207,0.17830544674354068
595,-0.2561487887191091,0.19142745042992773,-0.26193679060697045,0.19764019849075767
596,0.2903159647416148,0.22316099505386422,0.27093430518489975,0.22003765638277173
597,-0.22018184051879527,0.20030324154468318,-0.2123529432963881,0.19691347037692186
598,-0.13659317592989786,0.18348307744460285,-0.129155138760939,0.18039837456020993
599,0.2168108011634582,0.2070457115585907,0.222846480398185,0.21982965210511374
600,0.14246366455063117,0.17013405171896054,0.11971813568700992,0.17855416762135268
601,0.03479404798716695,0.19277267287903696,0.03963198729755996,0.1982490965268233
602,0.26106088769056407,0.20093540399466364,0.2591103330410101,0.19278686980743215
603,0.14084011956965703,0.19494316977903736,0.11616409002754305,0.1892932947784702
604,0.10395905348138305,0.19621712449875034,0.11634580853532173,0.19446554692107632
605,0.06374678182489864,0.21821828860485112,0.08167895144908599,0.22381538190645642
606,0.1945104852201297,0.16547372654305811,0.16492169645708613,0.16998071302956005
607,-0.20745469512002795,0.22530639091283153,-0.1892491468285499,0.2229403861530406
608,0.22007601081050784,0.17319214316002615,0.22158495651684013,0.1728068315235626
609,0.027144466069681045,0.23288924819938242,0.018859965351314012,0.22296136100344854
610,0.34332156908540024,0.18723405943649835,0.3193700191359898,0.19322351831412127
611,0.08355469186981906,0.2020294159718175,0.06426514293621201,0.19365600357549842
612,0.080956629305165,0.15919602221581938,0.06859276670926504,0.16495127733939446
613,0.030902580806770944,0.15923770973016305,0.02054688968974908,0.17506021105928626
614,0.26832200681258994,0.18428097659444867,0.24846367380191722,0.19032109325798768
615,0.11972005241972652,0.15421004413081305,0.10110792232616204,0.16857861929691956
616,-0.16212044949562668,0.20684994030528406,-0.16552888736111637,0.21464810671728818
617,0.1451360765968712,0.2116010982271666,0.12709112857912055,0.20836118281619906
618,0.27027418772818007,0.20263122182360335,0.2466321212717969,0.20949848415650635
619,-0.005905392336655012,0.19845195393054096,0.016355174464904015,0.20642533748058667
620,-0.10938471401850007,0.19523771519458577,-0.10472356775889027,0.21738252655218399
621,0.12930209504713533,0.15342341198201334,0.13409104393365495,0.15837672648316967
622,0.5036757685400303,0.20704955146882587,0.5115064850149996,0.2035974717085894
623,-0.6304310348704004,0.1716989774729939,-0.6156212641462011,0.17725567591555547
624,-0.04583846129718994,0.22515186789389233,-0.030489474120853052,0.22065640605825124
625,0.09844403658157616,0.23930841671147754,0.10406997548610997,0.22554457023363894
626,-0.22328434126109117,0.23400178284713413,-0.20305520810243854,0.24765339366156805
627,-0.17996538342723328,0.1858259122845729,-0.1611713990150288,0.19380591661877772
628,0.21782301809539023,0.2095798801041824,0.2011593872298519,0.2145284253552704
629,0.20689617672562394,0.2529128891328592,0.1981277529369998,0.26733472649037193
630,0.002961611746585006,0.202633979365018,0.01641416259050498,0.21697491672744496
631,0.31470464904090956,0.16342310122790893,0.2956883316412406,0.15249210465333526
632,0.11186140877244308,0.19808682606532013,0.11877611951108005,0.19855415475132632
633,0.29111356153006984,0.1819757423304896,0.31504815603778946,0.19532788067676296
634,0.5048326659787996,0.21958761652512696,0.49346707005265955,0.21760483018021695
635,-0.49295718375481956,0.19608445911033476,-0.4723153687228999,0.18971860691300757
636,0.0052142998720544976,0.1736842223435633,-0.014469316888716003,0.1723056096226081
637,0.12030616254000588,0.20506855537498409,0.130962875708088,0.19752739111026343
638,0.09278574683888387,0.20176062957876387,0.09120782920088619,0.20160402126687454
639,-0.12566653014516296,0.21857857378082785,-0.12940882376971805,0.21171029054984716
640,0.2119682563438399,0.21436126520847257,0.21408820016770985,0.214165461996066
641,-0.22306066638938477,0.1886333099571645,-0.20469623011533108,0.1944233151782884
642,0.168734922772221,0.18173971776679237,0.14455199956553003,0.17948723371248754
643,-0.16852988013960016,0.17706058184622905,-0.1698085045096297,0.17730635958472388
644,-0.2917901994964594,0.1656557439527452,-0.2940464700776402,0.16118758322783086
645,0.028573331022094015,0.18323112968462588,0.04782724114764967,0.17575444554507955
646,0.14458428909463908,0.20021800960376995,0.15457656935833078,0.20898028408677757
647,0.17170401737243188,0.20223896065549157,0.17299136369685691,0.20262159494087928
648,-0.05508477518575407,0.261401774619691,-0.03330186911530295,0.2586015602469184
649,0.1766697886719498,0.2395486879003304,0.16672620663541088,0.23000021663901346
650,-0.027364545412610033,0.19385509981739324,-0.0073389664644600075,0.20025708183987187
651,0.48110869965548975,0.2315192766190095,0.47952341497718776,0.22892324795267416
652,0.4214092355952781,0.18520749473854248,0.4105497135993194,0.18907769290264503
653,0.00801467670026301,0.1768964916973012,-0.0013205570154179959,0.18419812700038
654,0.06643737744696206,0.16214678045619504,0.06680889265935915,0.1729717681172859
655,-0.05289216882379807,0.1994422848568042,-0.011550730960367987,0.20463715452187137
656,-0.031572947256206976,0.2215942058059227,-0.011214942786988005,0.22316442213260979
657,0.4034055629890901,0.20975764328952676,0.3946892115676402,0.20949348534024662
658,0.047233732911890015,0.2229222058604615,0.04513168227953298,0.22749730961804765
659,0.08831536702849008,0.19124392928738307,0.08873618911937005,0.1882981396915105
660,0.20512239688759484,0.1836034133435397,0.2084111575461536,0.19903022702079703
661,0.08250384228357979,0.20794248706313484,0.08451408943419504,0.22119891675198153
662,-0.19654020029954192,0.21227851447867407,-0.19828884118423035,0.2061081788670619
663,0.26196141431810965,0.2217120291336182,0.2623624181770742,0.21389554845468658
664,0.027305854860368965,0.2000513616310601,0.021837217553070026,0.20137408216080438
665,0.053463119642561764,0.1943372231605088,0.035235030964721,0.1945068351725867
666,0.2385839555871401,0.1462348188921985,0.24396448109819474,0.15056710197251888
667,-0.12765989188157215,0.22021457688107618,-0.12261141538517907,0.22645056233607258
668,-0.23324038808840955,0.2871755780943405,-0.19891959834275333,0.29371443207396264
669,0.11936901327993898,0.16528117245159502,0.10908263705009999,0.16962032579861974
670,0.22160909467560985,0.22103759910227824,0.24130927625245996,0.2209908783470696
671,0.23470908381759623,0.21719780972214253,0.23522394563912993,0.21567883871340182
672,-0.40519505458318045,0.17760425610160346,-0.41835473598371004,0.1852346512449938
673,0.027027842558515005,0.16852258466449815,0.032472702012768015,0.17891084972095958
674,0.27884205179756044,0.20273898341917068,0.2782411164280532,0.19737804036490594
675,0.08842488497029691,0.17535408390975457,0.06965307953342906,0.16373919190786565
676,-0.2326463613291798,0.19899927208121398,-0.23230065508541797,0.19421628401554722
677,-0.2520932590193742,0.2254682843235891,-0.20909530104321714,0.20909980014584859
678,-0.11924591838858799,0.18691850377320007,-0.13152498557747383,0.19393600827098068
679,0.30016814750584997,0.21947727246005072,0.31791810578685,0.21168951057975186
680,0.19557200548465,0.1839325928349585,0.18059825714355612,0.1863516197837383
681,0.11244900856685423,0.20593315535036227,0.08634551718902515,0.21330887629112952
682,-0.10301827877517859,0.20924315874099342,-0.11535057976615996,0.21127586166466877
683,0.14803080056685694,0.16456019724039972,0.15532244513697957,0.17194317250669972
684,0.507744183563298,0.17270447481579188,0.48996392158099983,0.17357834372412162
685,0.1689719393483696,0.2172992292128048,0.18027867169743997,0.2179297909265911
686,-0.10971474958515588,0.19069978128117113,-0.09882073699533213,0.18851098970235147
687,0.026062355609029985,0.18841045983863253,0.026787622637756,0.17807945156601362
688,-0.13275809151733103,0.23475639305139032,-0.12307680879594024,0.23661194842938446
689,0.14931419762439707,0.22291219485944086,0.1263025280409241,0.21586333607874564
690,0.051838370493674936,0.18554490525086392,0.04439521346369377,0.18560722019435696
691,-0.3916926034088308,0.17394142166585178,-0.38127085055085946,0.1728940188437345
692,-0.3638904323717808,0.19067814867126415,-0.3637568779602417,0.19045875318521277
693,0.12828248114425506,0.1846199518744585,0.121047753981497,0.18481471746431322
694,-0.2140687784856861,0.2168758719622841,-0.21107062003713806,0.21632543285215497
695,-0.09687098046636322,0.1770235462730949,-0.06701893746792985,0.17234874936748046
696,-0.2001606851110501,0.20203003003292466,-0.19778376276355786,0.20961080698933626
697,0.3041383751049779,0.22128997885893556,0.3030836736484404,0.2291797546127549
698,-0.2742116801132904,0.18157372362770166,-0.26597854000946897,0.17508378096593152
699,0.3366257810242595,0.18725891822199764,0.32542196380719024,0.19804297173939162
700,-0.1423817563281551,0.1668271091512819,-0.13459590389026505,0.16812685393019564
701,0.20552935826733995,0.2565019221230836,0.1925810777052917,0.26008568729830844
702,-0.2212904531755808,0.20175955872272458,-0.1779455455133212,0.20265135105889276
703,0.07419695904603113,0.18522419957694308,0.07016965507950787,0.195167291178637
704,-0.18138052944691993,0.19373486215169228,-0.16793651421859884,0.19134640911072054
705,0.30144349833719336,0.22339493492509868,0.30081397287251815,0.21656667395199436
706,0.02149682949708101,0.19837545791038375,0.02293928341441202,0.1985768969036579
707,0.21909697626342167,0.18058712748651204,0.21104747785086583,0.18199552079258532
708,-0.04852519173531499,0.2122234287857587,-0.06915688642460695,0.21656062391947078
709,0.30557682510059964,0.2244375178659926,0.2770053520226204,0.23277123829850546
710,-0.2398381850780252,0.17535342373379145,-0.25617143937054465,0.17589893530768638
711,-0.2835951506996797,0.18282432388218353,-0.3002938335288997,0.17562616431606692
712,0.18371572636430014,0.15891913783047543,0.16602475141945322,0.15861073992242644
713,0.004657197601849996,0.18478041395137806,0.021379382240633037,0.18507725305295247
714,0.20467506770802926,0.2042696064558294,0.20534936245100777,0.19917854045798492
715,0.10631935047752229,0.1977034014702007,0.10690549622466515,0.19624964405266962
716,0.18948350989303386,0.19670845148124327,0.2028533060188311,0.19449020320882607
717,-0.33446863984934366,0.20956106467982466,-0.33746000434585727,0.2087082278138635
718,-0.28397608357648574,0.21191083753280074,-0.2794185920878999,0.2011950432468619
719,-0.012630338215531051,0.19285257242786805,-0.021193265468507937,0.20305479315937655
720,0.4715121017320801,0.1617153109580654,0.4685580116661994,0.17227406193533967
721,-1.0631808299930001,0.2275687462098076,-1.0700430982929985,0.22933327723038718
722,0.21087822213924778,0.1771445143616287,0.2264589583743498,0.17602142176835722
723,0.09884287268517618,0.17011396636776907,0.11956351049601989,0.18053966679201036
724,-0.09430563911288488,0.18535262228349253,-0.09225356178753202,0.19200440291210896
725,0.03910244861065397,0.16769312867947642,0.011838382907772999,0.17520792364228327
726,0.13551104107476195,0.18222181245681704,0.1456259284794139,0.17732847428552773
727,-0.1821404338927353,0.20192139292554362,-0.17012223794150697,0.19557888151982478
728,0.2234008346026042,0.2109306361987022,0.23338277685049028,0.20992796318555207
729,-0.13589537872559104,0.18012271591420842,-0.15173699363735882,0.18696156152610932
730,0.12318378880785026,0.20136424371025483,0.12614620059031578,0.19145506431392512
731,-0.06765191151763403,0.18476426823889733,-0.06810234359442403,0.19640601204339417
732,0.4730422216891197,0.18844948607412576,0.4747006309910297,0.19718004463330166
733,-0.3741441360852594,0.18225794886608868,-0.3850708718150107,0.18816597296331877
734,-0.24407797379695279,0.21060086580694715,-0.22044666556007694,0.2120528612509424
735,0.09516953770290384,0.17649007987502371,0.10306251700866906,0.18452925985873436
736,0.45648294530777,0.2037899882372744,0.44756498724971533,0.1943262530281361
737,0.23942013474926988,0.20108009986105102,0.2444368440086982,0.2054607803358944
738,-0.17946269513817711,0.17811553495924848,-0.15712751760797658,0.18084196783831596
739,-0.04462300429999695,0.2200865172519536,-0.047898530343860116,0.2273029868267091
740,0.24009552217822977,0.18631392779794909,0.2530911535445232,0.19438794976860085
741,0.12079492257944839,0.20977403737368067,0.1162871390279202,0.21474126650961523
742,-0.07956237311790691,0.20209198907963113,-0.08740980802404037,0.21112248362858793
743,0.3306913125849774,0.1950434291370569,0.3391573155756799,0.20085648163833192
744,-0.04686882635461998,0.2878728824948307,-0.04650563693149196,0.27946089305692084
745,0.035241905759254996,0.20389168102983773,0.018299927730982005,0.18669263532994268
746,0.03168788397085002,0.16822519316903178,0.024026287368702177,0.16482676341074956
747,-0.3314890515298197,0.19261781178407855,-0.3274524908322729,0.19057436139132203
748,-0.31435494332820996,0.17221052311564483,-0.3080201890118104,0.17095856221684227
749,0.1817770024535098,0.2132488844008928,0.15764042015114277,0.2137506664759869
750,-0.04560624610810701,0.18839580214944637,-0.030073838378537002,0.20275180043404537
751,0.16413077829120304,0.22667079305705384,0.16143706639251684,0.23825528208560603
752,-0.2526717945949394,0.17796695487064904,-0.23816163837385393,0.17815665050787913
753,-1.2962889097357029,0.4980724516542877,-1.2250323407566999,0.49712925818361287
754,-0.41318006118411005,0.22950891760299427,-0.40815723981206103,0.22394162029370127
755,-0.21072773544527404,0.20568315721971775,-0.20897091943496,0.1923135893890411
756,-0.3230635222502397,0.17392866010814007,-0.32248141225555027,0.17220642229224442
757,0.27425840447902544,0.24460223449219579,0.2635595442522953,0.24991849571210054
758,-0.30289466213493227,0.2452119955438375,-0.3096007611255974,0.24108451941378634
759,-0.031372636763515614,0.16686549123425956,-0.043733973406848016,0.16874035966473624
760,-0.09155428386049212,0.1985567495354158,-0.07514540353849525,0.19770968090880622
761,0.19044740796375745,0.20474560396935954,0.18702421547942924,0.20568236494380987
762,-0.28913972318344017,0.18969220618522084,-0.28517121115063593,0.18577420200658243
763,-0.18591194321539833,0.1658449258294691,-0.19671638886245016,0.1753478186459443
764,-0.0824714659263558,0.1866408073726978,-0.09030556367976016,0.19499807669162786
765,0.06880470722374,0.19036971105016298,0.08856338425162036,0.1835218314343493
766,-0.116144686925097,0.1869620873306993,-0.13099936072825696,0.18573478489969358
767,-0.006620372809167983,0.1973679972320098,-0.01821555882652998,0.19984843947459144
768,-0.07612222816895504,0.17812662512504693,-0.07508011931151048,0.18249828219801478
